{
  "nodes": {
    "Ducky": {
      "shape": [
        {
          "shape": "box",
          "halfExtents": {
            "x": 0.12,
            "y": 0.08,
            "z": 0.16
          },
          "offset": {
            "x": 0,
            "y": 0.10507428354726372,
            "z": 0.01001389278835843
          },
          "orientation": {
            "x": 0,
            "y": 0,
            "z": 0,
            "w": 1
          }
        },
        {
          "shape": "sphere",
          "radius": 0.1,
          "offset": {
            "x": 0,
            "y": 0.25635309523880356,
            "z": 0.06766706475524609
          },
          "orientation": {
            "x": 0,
            "y": 0,
            "z": 0,
            "w": 1
          }
        },
        {
          "shape": "cylinder",
          "radiusTop": 0.04,
          "radiusBottom": 0.04,
          "height": 0.060000000000000026,
          "numSegments": 8,
          "offset": {
            "x": 0,
            "y": 0.25852699290771664,
            "z": 0.1811845389035555
          },
          "orientation": {
            "x": 0.7071067811865476,
            "y": 0,
            "z": 0,
            "w": 0.7071067811865475
          }
        }
      ]
    }
  }
}
